name,distributed
additionalItems0.json,
additionalItems1.json,
additionalItems2.json,
additionalItems3.json,
additionalItems4.json,
additionalItems5.json,
additionalItems6.json,
additionalItems7.json,
additionalProperties0.json,
additionalProperties1.json,
additionalProperties2.json,
additionalProperties3.json,
additionalProperties4.json,
additionalProperties5.json,
allOf0.json,
allOf1.json,
allOf2.json,
allOf3.json,
allOf4.json,
allOf5.json,
allOf6.json,
allOf7.json,
allOf8.json,
anyOf0.json,
anyOf1.json,
anyOf2.json,
anyOf3.json,
anyOf4.json,
anyOf5.json,
bignum0.json,
bignum1.json,
bignum2.json,
bignum3.json,
bignum4.json,
bignum5.json,
bignum6.json,
bignum7.json,
bignum8.json,
date-time0.json,
default0.json,
default1.json,
default2.json,
definitions0.json,TRUE
dependencies0.json,
dependencies1.json,
dependencies2.json,
dependencies3.json,
ecmascript-regex0.json,
ecmascript-regex1.json,
ecmascript-regex2.json,
ecmascript-regex3.json,
ecmascript-regex4.json,
ecmascript-regex5.json,
ecmascript-regex6.json,
ecmascript-regex7.json,
ecmascript-regex8.json,
ecmascript-regex9.json,
email0.json,
enum0.json,
enum1.json,
enum2.json,
enum3.json,
enum4.json,
enum5.json,
enum6.json,
enum7.json,
enum8.json,
enum9.json,
float-overflow0.json,
format0.json,
format1.json,
format2.json,
format3.json,
format4.json,
format5.json,
hostname0.json,
id0.json,
infinite-loop-detection0.json,
ipv40.json,
ipv60.json,
items0.json,
items1.json,
items2.json,
items3.json,
maximum0.json,
maximum1.json,
maximum2.json,
maximum3.json,
maxItems0.json,
maxLength0.json,
maxProperties0.json,
maxProperties1.json,
minimum0.json,
minimum1.json,
minimum2.json,
minimum3.json,
minItems0.json,
minLength0.json,
minProperties0.json,
multipleOf0.json,
multipleOf1.json,
multipleOf2.json,
multipleOf3.json,
non-bmp-regex0.json,
non-bmp-regex1.json,
not0.json,
not1.json,
not2.json,
not3.json,
oneOf0.json,
oneOf1.json,
oneOf2.json,
oneOf3.json,
oneOf4.json,
oneOf5.json,
oneOf6.json,
pattern0.json,
pattern1.json,
patternProperties0.json,
patternProperties1.json,
patternProperties2.json,
properties0.json,
properties1.json,
properties2.json,
ref0.json,
ref1.json,
ref2.json,
ref3.json,
ref4.json,
ref5.json,
ref6.json,TRUE
ref7.json,
ref8.json,
ref9.json,
refRemote0.json,TRUE
refRemote1.json,TRUE
refRemote2.json,TRUE
refRemote3.json,TRUE
refRemote4.json,TRUE
refRemote5.json,TRUE
refRemote6.json,TRUE
required0.json,
required1.json,
required2.json,
type0.json,
type1.json,
type2.json,
type3.json,
type4.json,
type5.json,
type6.json,
type7.json,
type8.json,
type9.json,
uniqueItems0.json,
uniqueItems1.json,
uniqueItems2.json,
uniqueItems3.json,
uniqueItems4.json,
uniqueItems5.json,
uri0.json,
zeroTerminatedFloats0.json,
